Gender,Start Date,Bonus %,Senior Management,Team,Salary
Male,34187.00,6.945,TRUE,Marketing,97308
Male,35155.00,4.17,TRUE,,61933
Female,34082.00,11.858,FALSE,Finance,130590
Male,38415.00,9.34,TRUE,Finance,138705
Male,35819.00,1.389,TRUE,Client Services,101004
Male,31885.00,10.125,FALSE,Legal,115163
Female,32006.00,10.012,TRUE,Product,65476
Female,42205.00,11.598,,Finance,45906
Female,38678.00,18.523,TRUE,Engineering,95570
Female,37476.00,7.524,TRUE,Business Development,139852
Female,29445.00,15.132,TRUE,,63241
Female,35729.00,12.637,TRUE,Legal,102508
Male,29556.00,17.492,TRUE,Human Resources,112807
Male,39474.00,5.831,FALSE,Sales,109831
Female,36174.00,14.543,TRUE,Finance,41426
Female,42526.00,1.256,FALSE,Product,59414
Male,40442.00,7.369,FALSE,Human Resources,90370
Male,31753.00,6.414,FALSE,Product,111737
Female,29882.00,19.082,FALSE,Client Services,132940
Female,40381.00,1.894,FALSE,Product,81014
,34811.00,4.934,TRUE,Legal,64714
Male,34947.00,13.645,FALSE,Marketing,100612
,40976.00,18.816,TRUE,Client Services,90816
Male,41074.00,5.042,,,125792
Male,33786.00,13.873,FALSE,Client Services,97950
Male,41190.00,18.576,,Client Services,37076
Male,36583.00,7.757,TRUE,Marketing,37598
,33430.00,5.218,FALSE,Legal,122367
Male,29917.00,13.464,TRUE,Client Services,124008
Male,38378.00,7.008,TRUE,Legal,79529
Female,37474.00,9.096,TRUE,Engineering,118780
,38403.00,12.752,FALSE,Product,88657
Male,36028.00,6.417,,,122340
Female,34321.00,16.18,FALSE,Business Development,119082
Male,37996.00,19.096,FALSE,Client Services,95734
Female,39000.00,16.675,FALSE,Sales,85182
Female,39860.00,12.599,FALSE,Business Development,142032
Female,29878.00,9.557,TRUE,Client Services,57427
Female,31668.00,5.574,TRUE,Business Development,36844
Male,42398.00,7.797,,Client Services,122173
Male,39731.00,2.665,TRUE,Distribution,99283
,42183.00,11.308,TRUE,Business Development,66582
Female,36047.00,15.835,FALSE,Legal,121918
Female,29562.00,5.207,TRUE,Marketing,73524
Female,32463.00,7.482,TRUE,Product,145146
Male,29328.00,13.886,TRUE,Sales,88010
Male,40145.00,6.796,FALSE,Finance,114796
Female,38525.00,9,TRUE,Client Services,66820
Male,35150.00,6.083,TRUE,Business Development,93581
,29244.00,3.055,FALSE,Sales,113590
Female,36792.00,13.83,TRUE,Engineering,94976
,40894.00,14.009,,Sales,41126
Male,32922.00,1.695,TRUE,Human Resources,49339
,41701.00,17.578,TRUE,Finance,40341
Female,39309.00,8.999,FALSE,Engineering,83677
Female,36494.00,17.653,TRUE,Product,102488
Male,38840.00,16.084,TRUE,Finance,130276
Male,35242.00,15.107,TRUE,Human Resources,64715
Female,40279.00,1.481,TRUE,Engineering,72670
Female,35557.00,11.279,FALSE,Engineering,66851
,38679.00,4.271,FALSE,Distribution,48866
Female,37201.00,3.699,FALSE,Business Development,106862
Female,39245.00,19.414,,Marketing,58112
Male,41276.00,18.04,FALSE,Human Resources,35203
,32974.00,18.771,FALSE,Business Development,77834
Male,40128.00,12.428,TRUE,Distribution,61310
Female,41258.00,2.672,TRUE,Business Development,125250
Female,36388.00,9.735,TRUE,Finance,51178
Male,38290.00,14.33,TRUE,Finance,84834
,42199.00,4.382,TRUE,Finance,100863
,37782.00,6.617,FALSE,Client Services,84692
Male,40123.00,16.194,TRUE,Sales,118172
Male,39209.00,3.833,FALSE,Product,54043
Female,36254.00,4.709,TRUE,Sales,90582
Male,34854.00,17.029,FALSE,Marketing,62096
Female,33421.00,5.118,TRUE,Human Resources,104897
Female,32396.00,7.353,TRUE,Distribution,131604
Male,38244.00,1.26,TRUE,Marketing,107391
Female,30471.00,5.965,TRUE,Sales,114797
Female,32460.00,4.99,FALSE,Product,115814
,34775.00,15.602,TRUE,Sales,137126
Male,39537.00,14.822,FALSE,Legal,47369
Male,29310.00,8.379,TRUE,Client Services,35095
Male,38618.00,6.539,TRUE,Finance,148115
Female,38219.00,7.511,FALSE,Finance,83072
Male,39479.00,3.887,TRUE,Client Services,100238
,39354.00,17.29,TRUE,Business Development,103495
Female,33999.00,8.276,TRUE,Sales,144887
Female,33569.00,6.155,TRUE,Legal,64088
Female,42441.00,11.955,FALSE,Legal,51082
,35663.00,11.583,TRUE,Legal,91719
,38378.00,8.309,FALSE,,128771
Female,36671.00,12.506,TRUE,Business Development,119009
,34461.00,1.601,TRUE,Legal,111858
Male,29824.00,7.03,FALSE,Legal,130620
Female,35987.00,14.166,FALSE,Client Services,43026
Female,34414.00,1.737,FALSE,Finance,142321
,41839.00,10.62,TRUE,Marketing,140371
Female,42537.00,16.961,TRUE,Marketing,100705
Male,31049.00,12.447,FALSE,Business Development,77544
Female,38524.00,14.995,FALSE,Finance,48109
Male,40956.00,11.849,TRUE,Marketing,61602
Male,35442.00,12.159,FALSE,Client Services,103902
Female,35349.00,8.932,TRUE,Finance,136984
Male,32865.00,19.305,FALSE,Marketing,80740
Female,35133.00,8.567,FALSE,Finance,91712
Male,34185.00,3.046,FALSE,Legal,42146
Male,41387.00,16.565,FALSE,Legal,68680
,32268.00,12.396,TRUE,Legal,133980
Male,36638.00,11.449,FALSE,,37919
Female,37062.00,16.135,FALSE,Legal,147113
Female,36511.00,8.454,TRUE,Business Development,42153
Male,37952.00,4.023,FALSE,Marketing,64363
Female,39976.00,3.711,TRUE,Engineering,114767
Female,37472.00,6.811,TRUE,Business Development,58698
Female,30133.00,4.166,FALSE,Product,54585
Male,33411.00,18.988,,Legal,76189
Male,34759.00,9.494,FALSE,Finance,109095
Female,40920.00,9.557,FALSE,Business Development,120204
Male,39602.00,12.299,FALSE,Marketing,41054
Male,34655.00,15.402,FALSE,Business Development,84885
,42499.00,18.74,FALSE,Product,119735
Female,41012.00,13.892,TRUE,Engineering,110169
Female,37224.00,14.841,TRUE,Product,73789
Female,30636.00,2.401,TRUE,Product,76078
Female,37865.00,14.226,FALSE,Human Resources,49368
Female,30771.00,17.179,TRUE,Human Resources,57325
Male,37528.00,5.83,FALSE,Human Resources,66521
Male,32014.00,16.439,TRUE,Client Services,127654
Male,32441.00,13.101,TRUE,Business Development,60866
Female,30803.00,6.219,TRUE,Human Resources,41334
Female,33795.00,17.517,FALSE,Product,94231
Male,34703.00,10.763,FALSE,Human Resources,146670
Female,32136.00,2.235,TRUE,Client Services,106317
Female,40642.00,2.65,TRUE,Business Development,109260
Female,39262.00,8.833,TRUE,Legal,134148
Male,34813.00,19.687,FALSE,Legal,43542
Male,40684.00,15.12,FALSE,Distribution,95327
Female,38862.00,6.03,TRUE,Engineering,112238
Female,33149.00,10.527,,,132373
Female,29645.00,1.854,FALSE,Marketing,113850
Male,33231.00,14.727,TRUE,Product,110194
Female,37903.00,5.687,FALSE,Finance,146129
,42397.00,8.689,TRUE,Engineering,140013
,30015.00,12.452,FALSE,Sales,122717
Female,39907.00,13.079,TRUE,Client Services,71715
Female,33933.00,4.15,FALSE,Product,95322
Male,39646.00,3.996,FALSE,Legal,89227
,33433.00,14.837,TRUE,Sales,124488
Female,41868.00,8.578,,Distribution,86230
Male,35189.00,19.934,FALSE,Marketing,135490
,35737.00,15.295,FALSE,Business Development,121333
Female,36391.00,8.067,TRUE,Client Services,129297
,40612.00,10.489,TRUE,Finance,84546
Female,29540.00,5.359,TRUE,Product,85730
Female,37696.00,17.695,TRUE,Business Development,104058
Male,33721.00,1.563,FALSE,Human Resources,105062
Female,38560.00,14.443,,Product,79536
Female,36219.00,8.756,TRUE,Marketing,114412
,30642.00,14.316,FALSE,Marketing,68501
Female,36603.00,16.991,TRUE,Finance,149563
,36394.00,11.451,FALSE,Distribution,103386
Male,35898.00,14.422,TRUE,Legal,89786
Male,33119.00,19.135,FALSE,Client Services,52226
Female,36385.00,18.197,FALSE,Business Development,134645
Female,41721.00,9.061,,Legal,59148
Female,33428.00,7.014,,Sales,42341
Male,40901.00,17.984,TRUE,Sales,142178
,32023.00,7.017,TRUE,Marketing,38989
Female,35373.00,5.455,TRUE,Product,53754
Female,33632.00,19.02,TRUE,Sales,133772
Male,39311.00,17.495,TRUE,Engineering,143499
Female,33504.00,9.402,FALSE,Finance,97058
Female,39803.00,3.959,TRUE,Engineering,85446
,39343.00,6.185,,Client Services,40297
Male,35843.00,1.451,TRUE,Engineering,146651
Male,37629.00,10.166,FALSE,Product,124486
Male,41006.00,14.085,TRUE,Distribution,102652
Female,35676.00,17.648,FALSE,Product,144474
Female,34995.00,19.343,TRUE,Finance,68759
Male,39550.00,5.025,TRUE,Business Development,57286
Male,36478.00,1.952,TRUE,Distribution,58129
Female,36330.00,12.184,TRUE,Business Development,123940
,36298.00,2.518,TRUE,Distribution,98233
Male,37973.00,9.177,TRUE,Client Services,140810
Female,30335.00,8.842,TRUE,Legal,42090
Female,38406.00,1.825,,Sales,149654
Male,38310.00,6.46,FALSE,Marketing,51430
Male,36813.00,15.931,FALSE,Legal,71749
Male,35917.00,1.215,FALSE,Sales,85700
Female,35143.00,9.129,FALSE,Finance,57783
Female,41565.00,6.652,FALSE,Engineering,36946
,37744.00,16.475,TRUE,Legal,99326
Female,34748.00,4.443,TRUE,Legal,109259
Female,38016.00,8.996,FALSE,Distribution,131038
Male,41759.00,12.757,TRUE,Product,121068
Male,31361.00,19.127,FALSE,Client Services,62719
Female,41219.00,3.031,FALSE,Client Services,69268
Female,33234.00,9.64,TRUE,Product,36067
Male,40011.00,16.736,TRUE,,130581
Male,32001.00,8.525,FALSE,Finance,89661
Female,35626.00,7.953,FALSE,Marketing,36643
Male,30263.00,5.084,TRUE,Sales,140558
Female,41278.00,2.784,TRUE,Business Development,103521
Male,38874.00,4.935,TRUE,Marketing,55281
Male,38803.00,8.012,TRUE,Finance,115711
Female,41249.00,8.399,TRUE,Client Services,114079
Female,36478.00,1.767,FALSE,Client Services,57531
Male,32062.00,4.903,FALSE,Human Resources,141069
Female,39345.00,11.295,FALSE,Engineering,89434
Female,31636.00,9.148,TRUE,Legal,44639
Female,38892.00,19.612,TRUE,Human Resources,110967
Female,40119.00,1.821,FALSE,Client Services,115387
Female,29365.00,15.364,TRUE,Engineering,81673
Female,32712.00,3.55,FALSE,Engineering,109588
Female,39963.00,3.8,FALSE,Client Services,92544
Male,41486.00,2.462,FALSE,Marketing,142373
Male,36406.00,1.015,TRUE,Client Services,83341
,33770.00,10.628,TRUE,Finance,98865
Male,34771.00,7.768,TRUE,Finance,120444
Female,33406.00,5.56,,Marketing,71945
Male,36554.00,3.845,FALSE,Legal,109564
Male,36450.00,3.067,FALSE,Finance,78417
Male,40298.00,15.866,TRUE,Legal,106947
Female,34956.00,2.311,FALSE,Distribution,87298
Male,42278.00,15.266,TRUE,Sales,64579
Female,34808.00,9.404,TRUE,Finance,50905
Male,36263.00,11.226,TRUE,Client Services,59728
Male,34600.00,17.445,TRUE,Engineering,51685
Male,36685.00,1.679,TRUE,Distribution,49542
,32197.00,8.999,FALSE,Legal,38375
Female,34077.00,17.018,FALSE,Product,64084
Female,35524.00,10.263,FALSE,Human Resources,147663
Female,38021.00,14.752,FALSE,Sales,73935
Female,29986.00,12.182,TRUE,Client Services,40837
Female,42046.00,3.643,TRUE,Engineering,94393
Female,38809.00,2.624,FALSE,Product,42087
Female,39714.00,9.375,FALSE,Legal,52080
Male,30035.00,5.128,FALSE,Legal,35061
,42502.00,17.612,FALSE,Human Resources,64164
,30793.00,19.107,FALSE,Distribution,94088
Male,30503.00,5.961,FALSE,Finance,127813
Male,33173.00,18.428,TRUE,Engineering,38041
Male,31692.00,5.413,TRUE,Product,126310
Male,35346.00,8.866,FALSE,Client Services,142561
Male,33339.00,17.138,FALSE,Engineering,70817
,31018.00,12.045,TRUE,Human Resources,59937
,40386.00,3.742,TRUE,Product,106115
Male,33944.00,4.366,TRUE,Distribution,82782
Female,37419.00,19.55,TRUE,Business Development,104896
,31449.00,8.94,TRUE,Sales,133943
,32933.00,6.513,FALSE,Business Development,83658
Male,38302.00,4.232,TRUE,Marketing,71896
,37739.00,10.391,,Sales,113732
Male,31194.00,7.995,FALSE,Client Services,110485
Female,39892.00,5.108,FALSE,Human Resources,115118
Female,35867.00,4.75,FALSE,Legal,48696
Male,36489.00,15.517,,Sales,42676
Male,37280.00,12.659,FALSE,,43586
Male,34736.00,15.585,TRUE,Human Resources,89258
Female,39168.00,2.491,FALSE,Distribution,90730
Female,34917.00,13.677,FALSE,Product,100308
Female,31609.00,3.723,TRUE,Engineering,69134
,31372.00,14.603,TRUE,Engineering,58295
Female,30399.00,13.218,TRUE,Human Resources,50141
Male,38253.00,3.45,FALSE,Client Services,101941
Female,40030.00,14.063,,Distribution,115145
Male,38387.00,16.044,,Distribution,40451
Female,30013.00,5.81,TRUE,Finance,56526
Female,33818.00,18.517,,Human Resources,145316
Male,40639.00,9.554,TRUE,Human Resources,103235
,37215.00,12.062,TRUE,Marketing,58563
Male,29271.00,18.225,FALSE,Product,74129
Male,34436.00,1.113,TRUE,Product,74669
Male,30229.00,5.46,TRUE,Marketing,97490
Female,34387.00,18.456,TRUE,Business Development,104250
Female,32692.00,11.996,FALSE,Finance,94345
,33387.00,19.062,FALSE,Sales,82439
Female,38531.00,12.984,FALSE,Distribution,51613
Female,36838.00,1.139,FALSE,Business Development,105946
Male,35623.00,9.635,FALSE,Business Development,46080
Male,41640.00,6.147,TRUE,Human Resources,134610
,41677.00,12.345,FALSE,Client Services,125104
Male,39883.00,1.612,TRUE,Engineering,107281
Female,38631.00,4.337,FALSE,Client Services,141521
Female,35689.00,2.304,FALSE,Human Resources,65931
Male,30714.00,10.985,TRUE,Finance,69989
Female,40856.00,9.999,TRUE,Client Services,147183
,36515.00,18.099,FALSE,Distribution,66757
Female,31317.00,6.388,TRUE,Legal,75145
Male,32308.00,13.657,TRUE,,129460
Female,30997.00,17.463,TRUE,Client Services,132839
Female,36592.00,18.284,TRUE,Client Services,44537
Male,36458.00,9.653,FALSE,Marketing,118733
Female,36453.00,19.154,FALSE,Distribution,46905
Male,29647.00,3.873,FALSE,Legal,79582
,35379.00,3.18,TRUE,Sales,55394
Male,39340.00,7.664,TRUE,Human Resources,123811
,38229.00,4.542,TRUE,Marketing,137314
Female,32155.00,19.028,TRUE,Human Resources,36711
Male,32320.00,3.592,TRUE,Engineering,111786
Male,42196.00,13.023,FALSE,Engineering,72257
Male,39268.00,5.027,TRUE,Human Resources,71276
,29427.00,3.657,FALSE,Client Services,38712
Male,29810.00,18.702,TRUE,Finance,46930
Female,34006.00,3.733,FALSE,Marketing,125220
Male,30773.00,17.44,TRUE,Business Development,121477
Female,29855.00,2.937,FALSE,Distribution,86386
Female,40064.00,2.196,TRUE,Legal,81308
Male,30936.00,15.794,FALSE,Marketing,84810
Male,32924.00,2.158,TRUE,Legal,66775
,37274.00,13.448,TRUE,Finance,72145
Male,36997.00,1.923,TRUE,Sales,121604
Female,33420.00,13.457,TRUE,Legal,109510
Male,35155.00,6.338,FALSE,,112117
,34943.00,15.858,FALSE,Client Services,108127
Female,41550.00,10.966,FALSE,Product,123711
Female,41626.00,8.34,FALSE,Business Development,132381
Male,38935.00,1.841,FALSE,Finance,148225
Female,29915.00,18.243,FALSE,Marketing,145988
Female,39637.00,14.356,,Sales,62960
Female,31494.00,7.507,FALSE,Sales,56926
Male,37264.00,14.372,FALSE,Product,41428
Female,33223.00,3.041,TRUE,Sales,115658
Female,32487.00,6.031,FALSE,Business Development,76707
Male,38354.00,17.885,FALSE,Client Services,60388
Male,35599.00,12.075,TRUE,Product,45150
Male,34363.00,5.097,TRUE,Marketing,58755
Male,33591.00,5.319,TRUE,Finance,76076
Male,40205.00,14.987,,Engineering,87760
Male,41714.00,7.887,FALSE,Client Services,135119
Female,30562.00,17.269,TRUE,Marketing,36759
Male,31821.00,18.645,TRUE,Product,121723
Female,31571.00,7.494,FALSE,Client Services,110061
Male,40686.00,1.844,FALSE,Client Services,85074
Male,41961.00,19.93,FALSE,Finance,85799
Male,39104.00,12.182,TRUE,Legal,75150
Male,36530.00,4.035,TRUE,Sales,91344
Male,38622.00,10.717,FALSE,Product,86326
Male,33564.00,16.443,TRUE,Human Resources,98753
Male,39945.00,2.846,TRUE,Sales,113060
Male,39344.00,11.58,TRUE,Finance,77327
Female,40836.00,10.247,FALSE,Product,62666
Male,39868.00,4.99,TRUE,Engineering,96633
Male,39945.00,3.914,FALSE,Business Development,58248
Male,39042.00,6.96,TRUE,Human Resources,83706
Male,36121.00,5.778,TRUE,Human Resources,74086
Female,32233.00,14.223,FALSE,Sales,95389
Male,32722.00,19.897,FALSE,Finance,129968
Female,38680.00,8.723,FALSE,Sales,140347
,34942.00,3.95,FALSE,Sales,41549
Female,41246.00,10.751,FALSE,Sales,74287
Male,40825.00,4.844,,Engineering,69906
Male,35542.00,3.095,,Marketing,65078
Female,38666.00,1.782,TRUE,Legal,106406
Female,37878.00,12.121,FALSE,Legal,115913
Female,32905.00,5.668,FALSE,Distribution,38092
Male,41864.00,7.843,FALSE,Engineering,121160
Male,40894.00,4.45,FALSE,Product,90429
Female,34476.00,7.824,TRUE,Client Services,64207
Female,38255.00,18.892,TRUE,Sales,80688
Female,41764.00,4.078,FALSE,Sales,55044
Male,40126.00,9.555,FALSE,Distribution,72893
,38457.00,13.865,FALSE,Finance,96978
Male,37362.00,3.595,FALSE,Product,97364
,30516.00,1.113,FALSE,Human Resources,140885
,32532.00,16.231,TRUE,Client Services,58520
Male,32724.00,10.957,TRUE,,66067
Female,30302.00,8.748,FALSE,Business Development,147183
Female,40104.00,12.484,FALSE,Product,87721
Female,40009.00,2.194,FALSE,Business Development,144001
Male,37860.00,5.14,FALSE,Sales,91133
Male,35462.00,19.717,TRUE,Engineering,67827
Male,36263.00,12.072,FALSE,Sales,81839
Female,39082.00,3.171,,Distribution,81444
,40733.00,4.805,TRUE,Sales,137661
Male,42293.00,4.664,FALSE,Engineering,112548
Male,31876.00,10.574,TRUE,Human Resources,111249
Male,34637.00,9.669,FALSE,Product,114334
Female,37517.00,4.537,,Marketing,118906
,37087.00,5.66,FALSE,Sales,72979
Male,35280.00,10.894,TRUE,Engineering,64172
Female,35173.00,12.182,,,107024
Male,40387.00,2.362,FALSE,Product,50167
Male,29579.00,15.723,FALSE,Product,106995
Female,40197.00,8.895,FALSE,Client Services,70492
Female,34714.00,16.697,FALSE,Sales,125881
Male,34636.00,19.894,FALSE,Client Services,123294
Female,32770.00,11.312,TRUE,Product,131045
,30983.00,10.413,TRUE,Client Services,97635
,37007.00,13.443,TRUE,Sales,94493
Female,32735.00,9.989,TRUE,Sales,140502
Male,40478.00,4.03,TRUE,Client Services,106310
,35404.00,6.976,TRUE,Engineering,46240
Female,35803.00,5.025,TRUE,Product,111163
Female,37220.00,7.094,TRUE,Sales,93753
Female,37443.00,19.385,TRUE,Human Resources,63494
Male,38365.00,13.835,TRUE,Distribution,116693
Female,33814.00,7.425,TRUE,Human Resources,85215
Female,32303.00,7.799,FALSE,Finance,86439
,38062.00,18.241,TRUE,Marketing,62913
Female,35171.00,9.302,TRUE,Business Development,38872
,33936.00,14.272,TRUE,Engineering,124655
Male,30720.00,19.642,FALSE,Marketing,113506
,33074.00,8.86,FALSE,Sales,109980
Female,41707.00,7.564,FALSE,Finance,91522
Female,40412.00,17.538,TRUE,Business Development,42214
,37310.00,9.55,TRUE,Distribution,83159
Male,40517.00,1.62,TRUE,Client Services,144082
Male,34483.00,19.276,TRUE,Human Resources,47885
Male,41135.00,6.191,TRUE,Sales,126232
Male,29760.00,11.699,FALSE,Business Development,134598
Female,39124.00,14.609,FALSE,Legal,66604
Male,33861.00,5.861,TRUE,Marketing,115194
Male,40773.00,11.9,TRUE,Business Development,49101
,33193.00,12.699,FALSE,Finance,67811
Male,39628.00,5.966,,Distribution,111043
,29829.00,9.047,FALSE,Human Resources,37748
Female,30012.00,2.664,TRUE,Finance,36403
Female,41583.00,3.12,TRUE,Business Development,140136
Male,31554.00,19.334,TRUE,Finance,121508
Male,31736.00,18.021,TRUE,Sales,79906
Male,38619.00,16.261,TRUE,Product,123144
Female,29550.00,17.436,FALSE,Client Services,46953
,37781.00,14.637,FALSE,Human Resources,79443
Female,31534.00,2.378,TRUE,Finance,51395
Male,42445.00,3.56,TRUE,Human Resources,134408
Male,29596.00,8.037,TRUE,Sales,71853
Male,36293.00,7.869,TRUE,Finance,68028
Female,42152.00,5.63,FALSE,Human Resources,149903
Female,40452.00,19.422,FALSE,Distribution,79123
Male,36510.00,7.077,FALSE,Legal,104014
,42070.00,12.993,FALSE,Client Services,121160
Female,39649.00,7.132,TRUE,Legal,65362
Female,34737.00,14.227,TRUE,,50701
Male,39052.00,10.069,TRUE,Distribution,144709
Female,39323.00,11.864,TRUE,Finance,53061
Female,36968.00,11.196,TRUE,Sales,36697
Male,36119.00,6.22,TRUE,,69244
Male,41334.00,2.826,TRUE,Human Resources,101036
Male,33076.00,11.343,TRUE,Client Services,52119
Female,37754.00,1.886,TRUE,Business Development,46666
Female,35908.00,2.518,TRUE,Finance,73437
Female,31905.00,18.492,TRUE,Sales,86318
Male,42514.00,7.008,,Distribution,76409
Male,39063.00,1.496,FALSE,,71642
Female,34562.00,15.85,TRUE,Marketing,67150
Male,39948.00,11.204,TRUE,Engineering,142208
Male,33633.00,17.066,FALSE,Client Services,81183
Female,38686.00,3.665,TRUE,Human Resources,107163
Male,40047.00,19.691,FALSE,Legal,55038
,42566.00,19.49,TRUE,Marketing,140002
Male,41230.00,1.965,TRUE,Marketing,146812
Female,34687.00,4.338,TRUE,Human Resources,40119
Male,34751.00,10.429,,Marketing,136602
Female,36823.00,18.029,TRUE,Human Resources,69579
,30350.00,6.662,FALSE,Engineering,101457
Female,42013.00,16.624,FALSE,Legal,121232
Male,39355.00,15.843,FALSE,Finance,102626
,31837.00,5.574,TRUE,Marketing,137171
Female,38369.00,14.248,FALSE,Legal,88276
Male,37112.00,13.946,FALSE,Marketing,43354
Male,35169.00,7.996,FALSE,Engineering,125556
Male,37448.00,3.269,FALSE,Product,59862
Male,38485.00,18.641,FALSE,Marketing,74640
Female,35734.00,4.188,FALSE,Legal,52875
Male,39298.00,5.461,FALSE,Sales,58789
Female,37426.00,8.222,TRUE,Engineering,122897
Female,35609.00,10.696,TRUE,Marketing,136032
Male,42133.00,9.078,TRUE,Legal,141958
Male,34170.00,11.466,FALSE,Distribution,139917
Female,37327.00,14.693,FALSE,Human Resources,147635
Male,30873.00,8.047,FALSE,Client Services,68230
Male,33836.00,8.457,FALSE,Business Development,124365
Male,37483.00,11.364,FALSE,Engineering,104749
Female,33934.00,7.937,TRUE,Engineering,122121
Female,35363.00,8.461,FALSE,Human Resources,143541
Male,39674.00,9.705,FALSE,Business Development,137840
Male,40685.00,18.357,FALSE,Business Development,73354
Male,35615.00,18.787,TRUE,,47647
Female,39537.00,15.967,FALSE,Sales,106249
Female,41391.00,1.085,,Business Development,93847
,34822.00,3.38,FALSE,Product,104815
Female,33720.00,3.099,,Human Resources,115436
Male,36630.00,11.119,FALSE,Marketing,50645
Female,35657.00,1.985,TRUE,Finance,142415
Male,41008.00,2.021,FALSE,Distribution,37984
Female,41976.00,15.918,FALSE,Business Development,71751
Male,39152.00,19.944,FALSE,Legal,135882
Female,40725.00,19.731,TRUE,Client Services,46007
Female,39409.00,7.461,FALSE,Marketing,117055
,32760.00,6.525,TRUE,Distribution,58478
Male,34729.00,18.845,FALSE,Business Development,121357
Male,38657.00,13.266,FALSE,Finance,44857
Female,37336.00,7.25,TRUE,Sales,47322
Male,30826.00,2.117,FALSE,Sales,81077
Male,42426.00,5.437,TRUE,Marketing,76394
Male,41399.00,7.123,FALSE,Client Services,114356
Female,34498.00,4.548,FALSE,Business Development,41831
,29565.00,14.764,TRUE,Distribution,90187
Female,37653.00,11.126,FALSE,Legal,72613
Male,41316.00,9.765,FALSE,Distribution,42748
Female,29528.00,1.763,FALSE,Client Services,37259
Male,42219.00,4.887,TRUE,Marketing,125033
Female,41814.00,10.494,,Distribution,38275
Male,29331.00,13.248,,Engineering,71520
Male,34894.00,6.499,TRUE,Client Services,106472
Male,42311.00,18.654,TRUE,Engineering,103684
Male,35392.00,15.592,FALSE,Human Resources,96111
Female,30990.00,6.22,FALSE,Business Development,90719
Male,37738.00,17.07,FALSE,Legal,140303
Male,30501.00,8.13,TRUE,Business Development,62161
Female,34065.00,19.695,FALSE,,78883
Male,41597.00,19.624,FALSE,,63549
,31041.00,18.115,TRUE,Product,63888
Male,36168.00,10.458,FALSE,Sales,97370
Female,33706.00,15.979,TRUE,Legal,66224
Female,35411.00,3.997,TRUE,Human Resources,97915
Female,34718.00,18.003,TRUE,Product,86883
Male,39860.00,3.178,FALSE,Human Resources,37812
Male,37674.00,8.411,TRUE,,56580
,29854.00,17.971,,Engineering,83895
Female,41517.00,14.858,TRUE,Distribution,58047
Female,30137.00,15.026,TRUE,Sales,124889
,41925.00,14.509,TRUE,Client Services,118840
Male,34933.00,9.54,TRUE,Human Resources,67780
Female,38068.00,8.696,FALSE,Finance,144677
,34305.00,1.022,FALSE,Product,45724
,30554.00,7.175,TRUE,Product,86676
Male,41752.00,7.252,FALSE,Client Services,82401
Female,41803.00,14.595,FALSE,Distribution,35575
Female,40300.00,10.154,TRUE,Marketing,123649
Female,38409.00,10.28,TRUE,Product,38078
Male,41681.00,13.773,FALSE,Product,52620
,33611.00,12.292,FALSE,Legal,133366
Female,29847.00,8.205,FALSE,Marketing,91462
Male,30189.00,4.905,TRUE,Business Development,146589
Female,33495.00,13.472,TRUE,Business Development,51633
Male,40459.00,3.491,FALSE,Human Resources,45181
Male,36409.00,3.459,TRUE,Sales,62454
Female,40149.00,4.82,,Finance,84746
Female,36281.00,7.851,TRUE,Engineering,147362
Female,38200.00,14.077,TRUE,Distribution,80803
Female,39553.00,2.366,FALSE,Client Services,117293
Male,40362.00,13.32,TRUE,Marketing,105689
,36195.00,9.048,TRUE,Product,93302
Male,33857.00,3.672,TRUE,Product,102555
Female,36060.00,10.366,FALSE,Finance,51525
Female,30683.00,3.311,TRUE,Sales,41190
Female,29276.00,3.186,FALSE,Finance,75484
Male,30851.00,16.304,TRUE,Marketing,82726
Male,31246.00,19.122,FALSE,Engineering,122319
Female,33483.00,11.905,TRUE,Product,127297
Female,37414.00,13.853,FALSE,Engineering,109290
,31345.00,6.007,FALSE,Client Services,99150
Female,35364.00,18.451,TRUE,Product,71930
Male,41989.00,6.639,TRUE,Marketing,66819
Female,34486.00,18.115,FALSE,Distribution,42424
Female,31277.00,13.295,FALSE,Engineering,51431
Female,36481.00,6.51,FALSE,Human Resources,120675
Male,40150.00,2.097,TRUE,Client Services,96610
Female,35328.00,8.572,FALSE,Engineering,71430
,30596.00,18.863,TRUE,Legal,87713
Male,37378.00,14.842,FALSE,Engineering,86723
Male,31135.00,7.563,TRUE,Client Services,43414
Female,38938.00,17.33,FALSE,Human Resources,87145
Male,34707.00,12.986,TRUE,Distribution,91124
Female,29312.00,12.605,,,48141
Female,31520.00,19.142,FALSE,Marketing,90829
Female,29409.00,6.773,FALSE,Client Services,101262
Female,35293.00,1.431,FALSE,Product,41427
Male,34795.00,18.623,FALSE,Marketing,56993
Male,35077.00,16.69,FALSE,Human Resources,114244
Female,29950.00,5.435,TRUE,,81800
Female,39826.00,7.421,,Client Services,118736
Male,34721.00,5.809,TRUE,Product,66077
Male,34180.00,14.879,FALSE,Product,35013
Male,37745.00,11.393,FALSE,Client Services,98393
Female,30027.00,1.438,TRUE,Product,107111
Male,40469.00,1.187,TRUE,Legal,65673
Male,31074.00,18.089,FALSE,,65482
Male,32901.00,15.118,FALSE,Marketing,81919
Male,30274.00,10.2,FALSE,Finance,59277
Female,32175.00,13.506,FALSE,Business Development,49501
Male,41059.00,18.266,TRUE,Legal,70367
Female,32249.00,2.754,FALSE,Marketing,132156
Female,38290.00,7.585,FALSE,Marketing,56961
Female,30155.00,8.945,TRUE,Client Services,98841
Female,29364.00,2.419,FALSE,Human Resources,78226
Female,34813.00,9.657,TRUE,Human Resources,116931
Female,34637.00,13.346,TRUE,Business Development,87575
Female,32255.00,7.808,FALSE,Distribution,110924
Male,29730.00,15.221,FALSE,Sales,78351
Female,36853.00,4.644,FALSE,Sales,125574
Male,40648.00,2.075,FALSE,Business Development,95198
Female,31174.00,3.512,TRUE,Finance,121006
Male,30958.00,6.752,TRUE,Business Development,95728
Female,31952.00,8.294,FALSE,Distribution,69740
Female,37093.00,11.506,FALSE,Product,91996
Female,33157.00,10.925,,Human Resources,98385
,34688.00,15.749,TRUE,Distribution,90556
,29387.00,9.862,TRUE,Marketing,50366
,37823.00,15.704,TRUE,Engineering,84232
,33537.00,12.49,TRUE,Business Development,100888
Male,41348.00,15.427,TRUE,Engineering,141335
Female,30091.00,2.142,FALSE,Client Services,97691
Female,29638.00,10.256,FALSE,Client Services,47266
Male,30602.00,12.74,,Sales,139754
Female,34266.00,17.274,,Engineering,116236
Male,40225.00,15.91,FALSE,Sales,103405
Male,40956.00,10.084,FALSE,Product,41453
,29633.00,12.525,FALSE,Marketing,52730
,36820.00,7.099,TRUE,Distribution,60361
,33606.00,11.378,FALSE,Finance,63103
Male,38303.00,11.513,FALSE,Distribution,65168
Male,37133.00,6.083,TRUE,Engineering,73105
Female,31752.00,12.929,TRUE,Distribution,37916
Female,36905.00,1.451,TRUE,Marketing,45682
Male,33932.00,1.268,FALSE,Finance,69297
Female,33168.00,19.064,TRUE,Engineering,59070
Male,40975.00,8.4,FALSE,Finance,81215
Male,35652.00,18.824,FALSE,Client Services,128036
Female,38526.00,8.999,TRUE,Sales,89780
Female,39050.00,9.601,TRUE,Legal,125018
Male,35760.00,12.2,FALSE,Sales,133033
Female,42184.00,8.701,TRUE,Marketing,82408
Female,35533.00,2.93,,,131755
Female,31007.00,16.636,FALSE,Marketing,128305
,32388.00,1.702,,Distribution,147309
Female,30387.00,19.513,FALSE,Marketing,74911
Male,32337.00,2.617,FALSE,Legal,47079
,39513.00,1.869,FALSE,Client Services,82873
Female,32927.00,6.878,FALSE,Engineering,134673
Female,40864.00,6.5,TRUE,Engineering,123591
Male,31866.00,19.289,FALSE,,75598
Male,36796.00,13.047,TRUE,,89831
Female,30865.00,2.924,FALSE,Engineering,92430
Male,40058.00,18.396,FALSE,Human Resources,126956
Female,35381.00,1.433,FALSE,Business Development,112467
,33461.00,19.391,TRUE,Client Services,46665
Female,38227.00,3.756,TRUE,Distribution,42553
Female,34724.00,5.203,FALSE,Sales,102081
,40253.00,15.108,FALSE,Finance,135118
Male,32049.00,9.77,FALSE,Human Resources,71975
Female,35290.00,18.912,FALSE,Finance,149908
,31119.00,10.162,FALSE,Marketing,45418
Female,40230.00,19.78,FALSE,Finance,79145
Male,32239.00,5.32,FALSE,,122920
Male,36479.00,15.857,TRUE,Business Development,128031
Female,38034.00,14.064,TRUE,Finance,59969
Female,31598.00,11.749,FALSE,Finance,35381
Female,31372.00,17.371,FALSE,Client Services,113129
Male,40152.00,1.017,TRUE,Engineering,141932
Female,38865.00,16.922,FALSE,Product,42296
Male,31030.00,11.411,FALSE,Legal,63395
Male,39349.00,13.613,TRUE,Client Services,125382
Female,29991.00,17.108,TRUE,Marketing,113592
Female,36590.00,11.367,TRUE,Sales,46750
Female,31704.00,13.591,TRUE,Client Services,90285
,40052.00,4.785,TRUE,Marketing,53692
,31770.00,6.662,FALSE,Distribution,100341
Male,34932.00,4.225,FALSE,Engineering,123876
Female,36879.00,4.659,TRUE,Distribution,41643
Female,32751.00,12.866,TRUE,Distribution,113760
Male,40457.00,12.463,FALSE,Legal,49473
Male,41318.00,3.645,TRUE,Distribution,146141
,38021.00,7.776,TRUE,Business Development,79459
,39848.00,14.771,TRUE,Marketing,104496
Male,37230.00,17.105,TRUE,Legal,67789
,30038.00,11.879,TRUE,,86564
Female,37148.00,14.782,TRUE,Client Services,135758
Female,36719.00,3.96,FALSE,Distribution,84672
Male,30260.00,10.982,FALSE,Human Resources,111580
Male,35148.00,16.248,FALSE,Business Development,50455
Male,41149.00,1.932,,Human Resources,88733
Female,40116.00,12.791,FALSE,Marketing,130577
Female,33761.00,9.801,TRUE,Marketing,138925
Female,34597.00,15.77,TRUE,Client Services,62371
Female,30789.00,2.675,FALSE,Product,87715
Female,37510.00,3.345,TRUE,Client Services,66029
Male,33772.00,14.301,TRUE,Engineering,86818
Male,37583.00,17.398,FALSE,Product,75147
Female,36639.00,5.268,TRUE,Product,105573
,38706.00,6.611,TRUE,Distribution,41230
Female,42390.00,10.485,FALSE,,117787
Male,32801.00,19.387,,Finance,88086
,40592.00,18.704,FALSE,Finance,91462
Male,35426.00,8.992,,Distribution,139959
Male,39179.00,17.821,TRUE,Legal,93901
,29349.00,17.263,FALSE,Finance,50529
Male,39110.00,13.926,TRUE,Sales,134988
Female,39357.00,3.694,TRUE,Finance,120941
Male,39217.00,8.162,FALSE,Sales,118753
Female,34988.00,2.782,FALSE,Sales,92799
Female,40859.00,13.326,FALSE,Client Services,85718
Female,36256.00,5.146,FALSE,Human Resources,109517
Male,41054.00,11.593,TRUE,Marketing,85550
Male,33016.00,9.801,,Distribution,136655
,37470.00,8.218,TRUE,Legal,43312
,30821.00,10.385,TRUE,Distribution,102839
Male,39874.00,7.927,TRUE,Distribution,78891
,38611.00,11.712,TRUE,Legal,93201
Female,40619.00,6.976,TRUE,Finance,84693
,38138.00,9.769,TRUE,Human Resources,73587
Male,33488.00,11.211,FALSE,Distribution,65251
Male,42270.00,15.193,TRUE,Engineering,129148
Male,34154.00,18.473,TRUE,,128175
Female,35861.00,7.839,FALSE,Engineering,75825
Male,37267.00,1.197,TRUE,Legal,51821
Male,34796.00,12.048,,Human Resources,60411
Male,35761.00,17.095,TRUE,Finance,58327
Female,41648.00,16.552,FALSE,Engineering,46478
,36928.00,15.745,TRUE,Engineering,123963
Female,34605.00,9.851,FALSE,Distribution,79796
Male,30893.00,12.922,FALSE,Distribution,83809
Male,30032.00,13.132,TRUE,Engineering,77933
Male,34135.00,13.806,TRUE,Business Development,51070
,32248.00,11.518,FALSE,Human Resources,97480
Male,40472.00,7.969,FALSE,Engineering,58357
Male,36189.00,13.001,FALSE,Engineering,67165
Female,30414.00,18.685,TRUE,Human Resources,145988
Male,40284.00,11.626,TRUE,Business Development,147417
Male,35608.00,5.197,TRUE,Marketing,95003
,33852.00,11.416,TRUE,Legal,144187
Female,37235.00,13.47,FALSE,Engineering,37888
Male,33377.00,1.876,TRUE,Finance,131513
Male,42429.00,13,TRUE,,77287
Male,38117.00,12.942,TRUE,Sales,46875
Female,39729.00,19.111,TRUE,Client Services,82744
Male,31662.00,18.892,FALSE,Client Services,43252
Female,39929.00,18.674,TRUE,Marketing,66047
Female,37088.00,12.772,TRUE,Finance,118431
Male,31544.00,1.432,FALSE,Finance,59943
Male,39981.00,3.655,,Business Development,136681
Female,34686.00,1.4,,Human Resources,138807
Female,37586.00,6.837,TRUE,Business Development,82884
Female,40638.00,11.716,TRUE,Product,48668
Male,40747.00,14.618,FALSE,Product,122971
Male,40461.00,12.737,FALSE,Business Development,107050
Male,29611.00,14.737,FALSE,Sales,138598
,39942.00,3.533,FALSE,Marketing,149456
Female,36351.00,15.941,FALSE,Legal,128540
Male,42425.00,2.844,FALSE,Client Services,61117
Male,29371.00,13.813,TRUE,Human Resources,100949
,40739.00,5.19,TRUE,Finance,46829
Male,39494.00,14.625,TRUE,Business Development,69111
Female,38218.00,1.027,TRUE,Business Development,46602
Male,37072.00,16.559,FALSE,Business Development,61181
Female,35628.00,19.626,TRUE,Business Development,94963
,31437.00,9.712,FALSE,Legal,85789
,30352.00,16.379,FALSE,Product,145274
Female,36378.00,3.369,FALSE,Client Services,102841
Male,39136.00,18.338,FALSE,Business Development,49665
Male,36317.00,5.478,TRUE,,41928
Female,39183.00,2.03,TRUE,Legal,128042
Female,30731.00,3.997,FALSE,Client Services,86150
Male,30976.00,10.615,TRUE,Distribution,121816
Male,32245.00,7.783,FALSE,Product,123409
,39312.00,7.617,TRUE,Legal,98295
Female,29466.00,10.895,FALSE,Distribution,59678
Male,39080.00,4.02,TRUE,Human Resources,57871
Female,42094.00,10.006,TRUE,Engineering,132084
Male,38301.00,3.947,TRUE,Distribution,35633
Female,39656.00,3.019,TRUE,Legal,125298
Male,32265.00,15.343,TRUE,Sales,115582
,34812.00,11.479,TRUE,Finance,148339
Male,33444.00,9.699,FALSE,Human Resources,112975
Female,39641.00,18.769,FALSE,Client Services,36927
Female,38072.00,9.66,TRUE,Sales,70248
,37536.00,9.849,TRUE,Marketing,141305
Female,38982.00,13.178,TRUE,Product,72002
Male,33380.00,12.026,TRUE,Product,102577
Female,40039.00,18.018,TRUE,Business Development,113554
Male,31709.00,10.736,,Finance,47176
Female,36695.00,10.867,,,106428
Female,36467.00,6.06,TRUE,Finance,75181
Male,38260.00,18.784,FALSE,Human Resources,79047
Female,31522.00,4.513,FALSE,Sales,52970
Male,37983.00,5.266,FALSE,Distribution,137979
Female,30933.00,17.799,TRUE,Business Development,114360
Male,39999.00,16.843,TRUE,Human Resources,110306
Male,34883.00,9.127,FALSE,,46378
Male,31538.00,17.68,,Client Services,74104
,33343.00,13.592,,Product,132505
Female,30208.00,3.453,FALSE,Sales,96649
Female,30156.00,8.941,,Marketing,57811
Female,32758.00,2.58,TRUE,Product,111468
Male,38534.00,4.135,TRUE,Sales,141498
,40999.00,16.353,FALSE,Business Development,124441
Female,36715.00,6.293,FALSE,Product,40121
Male,32570.00,11.058,FALSE,Finance,129712
Male,30259.00,19.601,FALSE,Legal,126010
,35173.00,9.564,FALSE,Distribution,122762
Female,36363.00,13.707,TRUE,Distribution,149105
Female,38047.00,10.286,FALSE,,44021
,34979.00,3.319,TRUE,Human Resources,42025
Female,31655.00,12.801,FALSE,Client Services,59970
Female,30316.00,19.85,FALSE,Engineering,145001
Male,30956.00,17.952,TRUE,Marketing,102589
Male,31758.00,2.712,TRUE,Product,47529
Male,32725.00,11.517,FALSE,Product,148941
Male,32248.00,17.499,TRUE,Human Resources,91109
Female,33615.00,13.623,FALSE,Business Development,51923
Female,41118.00,19.075,FALSE,Product,53954
Male,39524.00,10.664,FALSE,Distribution,39335
Male,32996.00,15.081,TRUE,Engineering,111371
Female,39476.00,6.081,FALSE,Sales,86676
Female,40853.00,2.089,FALSE,Finance,115057
Female,29288.00,3.459,FALSE,Engineering,145357
Male,34969.00,19.754,FALSE,Finance,36749
Male,36566.00,7.227,FALSE,Business Development,89854
Female,32754.00,6.818,TRUE,Marketing,134048
Male,34681.00,5.478,,Product,141311
Female,37297.00,19.767,TRUE,Marketing,123621
Female,40717.00,3.221,TRUE,Distribution,54941
,31430.00,4,FALSE,Human Resources,106562
Female,39158.00,4.068,FALSE,Engineering,39371
Female,39599.00,4.083,FALSE,Marketing,83112
Female,29497.00,10.048,TRUE,Distribution,96941
Male,31395.00,17.862,TRUE,Legal,47232
Male,34291.00,5.182,TRUE,Human Resources,54058
Female,29582.00,12.254,,Distribution,80399
Female,39870.00,7.266,TRUE,Business Development,118043
Male,40129.00,9.494,,Engineering,109411
Female,41869.00,2.147,FALSE,Marketing,97566
,36864.00,5.89,TRUE,Sales,69267
,32356.00,5.665,,,87103
,41836.00,7.487,FALSE,Legal,98811
Female,38910.00,7.864,FALSE,Product,149684
Male,39096.00,2.097,TRUE,Human Resources,71383
Male,37499.00,19.908,TRUE,Distribution,81206
Male,42019.00,7.588,TRUE,Finance,69112
Male,37664.00,19.467,FALSE,Legal,120672
Male,40326.00,9.331,FALSE,Human Resources,96511
,29993.00,2.071,TRUE,Business Development,49325
Male,39298.00,2.28,FALSE,Engineering,132175
Female,38063.00,13.492,FALSE,Finance,118037
Male,31190.00,15.804,TRUE,Finance,139570
Male,36622.00,9.153,FALSE,Distribution,115280
Female,37097.00,16.807,FALSE,Human Resources,51065
Female,37494.00,4.924,TRUE,Distribution,103854
Female,38942.00,19.501,FALSE,Business Development,48354
Female,35833.00,19.264,FALSE,Product,132327
Female,30008.00,8.965,FALSE,Sales,106362
,31217.00,8.738,FALSE,Legal,148857
Female,29589.00,11.682,FALSE,Client Services,131131
Male,33126.00,15.574,FALSE,Human Resources,129663
,29708.00,4.707,FALSE,Finance,41449
Male,30838.00,2.88,TRUE,Product,93368
Male,35679.00,9.192,FALSE,Product,53335
Male,35676.00,6.002,FALSE,,148291
Male,35296.00,16.158,TRUE,,147842
Female,38310.00,17.343,TRUE,Business Development,105066
Female,39178.00,11.39,TRUE,,139284
Male,31088.00,10.411,FALSE,Finance,63046
,37914.00,2.277,TRUE,,89700
,38735.00,12.211,FALSE,Finance,108946
Female,34311.00,7.943,TRUE,Product,98406
Male,38832.00,9.634,FALSE,Human Resources,108581
Female,41183.00,19.239,FALSE,Business Development,41808
Male,30962.00,14.66,FALSE,Marketing,36837
Male,32593.00,18.855,FALSE,Finance,140850
Male,30461.00,18.536,TRUE,Sales,50426
Male,30817.00,6.842,FALSE,Human Resources,134120
Male,41229.00,6.01,FALSE,,57292
Female,35671.00,16.306,FALSE,Legal,80633
Female,38224.00,14.249,FALSE,Client Services,131943
Male,41440.00,7.737,FALSE,Marketing,48046
Female,41504.00,13.657,FALSE,Product,97443
Male,34914.00,7.986,TRUE,Business Development,135352
,35388.00,18.751,FALSE,Marketing,107816
Male,37709.00,2.469,TRUE,Engineering,96329
Female,42022.00,19.332,FALSE,Business Development,73749
Male,35916.00,4.299,TRUE,Sales,75607
Female,34585.00,3.525,TRUE,Human Resources,98858
Female,35896.00,9.212,TRUE,Engineering,76485
,33858.00,8.219,FALSE,Marketing,41238
Male,29469.00,13.823,,Client Services,114896
Female,37766.00,8.064,FALSE,Distribution,125418
Female,39953.00,19.132,FALSE,Client Services,75415
,39227.00,8.382,FALSE,Finance,90998
Female,29248.00,6.318,FALSE,Marketing,142868
,41961.00,14.344,TRUE,Distribution,135990
Female,34999.00,18.015,FALSE,Marketing,57300
Female,37911.00,18.53,FALSE,Finance,73706
Male,34248.00,9.16,FALSE,Product,85871
Male,41669.00,14.837,FALSE,Sales,96795
Male,40152.00,15.407,FALSE,Legal,92242
Female,39363.00,11.934,TRUE,Legal,115149
Female,36895.00,1.552,TRUE,Finance,126924
Male,42332.00,7.1,,Finance,145329
Male,33475.00,8.475,FALSE,Finance,92587
Male,34995.00,2.709,FALSE,Sales,60263
Male,41482.00,5.681,TRUE,Business Development,91406
Female,37579.00,7.645,TRUE,Marketing,37005
,33561.00,16.968,FALSE,Business Development,139791
Male,40247.00,3.942,TRUE,Sales,45267
,34393.00,10.146,FALSE,Finance,95296
Female,41026.00,15.211,TRUE,Business Development,59680
Male,33745.00,16.323,TRUE,Marketing,144701
Female,37430.00,18.178,FALSE,Human Resources,35477
Female,34982.00,6.911,FALSE,Distribution,119266
Male,37034.00,6.322,,Distribution,103877
Female,30526.00,14.955,TRUE,Human Resources,47605
Female,32320.00,6.16,TRUE,Human Resources,136604
Female,41314.00,4.363,TRUE,Finance,121250
Female,41775.00,17.667,FALSE,Sales,35884
Female,36003.00,10.081,FALSE,Finance,137144
Female,40164.00,3.283,FALSE,Engineering,102697
Male,33451.00,6.466,FALSE,Product,61999
Female,37551.00,8.879,TRUE,Legal,45223
Male,40366.00,15.528,TRUE,Business Development,54033
Male,36137.00,1.02,FALSE,,126120
Female,42349.00,6.168,FALSE,Marketing,99747
Female,37162.00,5.272,TRUE,Distribution,71958
Male,30320.00,6.716,TRUE,Client Services,115566
Female,35080.00,7.696,TRUE,Business Development,118369
Male,39520.00,6.339,FALSE,Product,51667
Male,36277.00,19.475,FALSE,Client Services,85858
Male,39893.00,8.957,FALSE,Distribution,131423
Female,37258.00,9.828,FALSE,Client Services,49538
Male,42160.00,18.9,TRUE,Sales,50369
Male,41613.00,3.412,TRUE,Business Development,86615
,33297.00,4.38,FALSE,Business Development,135369
Female,37936.00,9.624,FALSE,Client Services,60003
Female,36761.00,19.388,,Sales,95866
Female,38047.00,19.488,FALSE,Distribution,109324
Male,38422.00,16.014,TRUE,Business Development,103557
Male,31675.00,2.673,TRUE,Business Development,111376
Female,37008.00,1.079,TRUE,Legal,75661
Female,37144.00,2.386,TRUE,Marketing,85213
Male,41083.00,3.771,FALSE,Distribution,140444
Female,39805.00,2.01,TRUE,Client Services,90427
Female,34155.00,3.799,FALSE,Business Development,141439
Male,35649.00,3.787,TRUE,Engineering,43694
Female,35147.00,12.09,FALSE,Engineering,131952
Female,37694.00,10.056,FALSE,Business Development,96250
,31434.00,18.424,FALSE,Client Services,63126
,38969.00,2.657,FALSE,Client Services,44836
,34908.00,2.147,FALSE,Client Services,70635
Male,33144.00,8.611,TRUE,Distribution,137386
Male,35607.00,15.653,TRUE,Engineering,104840
Female,42328.00,6.537,TRUE,Marketing,75498
Male,38968.00,2.728,FALSE,Engineering,67471
Male,38847.00,1.905,TRUE,Distribution,101914
,32613.00,17.426,TRUE,Distribution,93712
Female,31305.00,16.941,,Distribution,133472
Male,41120.00,5.329,,Marketing,107351
Female,38807.00,11.048,TRUE,Engineering,142410
Male,40775.00,8.226,TRUE,Business Development,37385
Female,30457.00,10.833,FALSE,Business Development,58423
Female,40435.00,9.662,,,143638
Female,41296.00,11.907,TRUE,Human Resources,113425
Male,40964.00,14.077,FALSE,Product,57266
Male,29239.00,1.148,TRUE,Finance,119667
Female,41868.00,11.176,FALSE,Legal,127118
Female,31702.00,8.115,FALSE,Engineering,80838
Male,30715.00,15.901,TRUE,Sales,70990
Female,32074.00,9.631,FALSE,Engineering,39833
Male,33866.00,5.85,TRUE,Business Development,45094
Male,32810.00,18.093,TRUE,Business Development,93997
,32677.00,3.05,FALSE,Legal,103050
Male,41507.00,16.923,FALSE,Product,121797
Female,34600.00,17.94,TRUE,Sales,89443
Male,29348.00,12.391,TRUE,Sales,35802
Female,32776.00,18.393,FALSE,Client Services,68164
Male,40771.00,9.146,TRUE,Human Resources,93022
Male,42441.00,19.572,FALSE,Engineering,105681
Female,34785.00,11.671,FALSE,Distribution,43050
Female,40213.00,17.308,TRUE,Engineering,44486
Female,32389.00,15.397,TRUE,Product,63571
Male,37620.00,5.368,TRUE,Business Development,75423
,38926.00,11.159,TRUE,Sales,76381
Male,41404.00,11.105,FALSE,Business Development,137359
Male,40785.00,16.455,TRUE,Client Services,67656
Female,34796.00,12.467,FALSE,Sales,92436
Female,33896.00,4.195,TRUE,Legal,137954
Female,35037.00,5.949,FALSE,Product,124566
Male,30333.00,11.178,FALSE,Human Resources,66146
Male,41475.00,13.198,TRUE,Product,142935
Female,41300.00,8.862,TRUE,Engineering,46233
Male,33984.00,19.28,FALSE,Legal,148985
Female,30047.00,8.639,TRUE,Human Resources,91411
Male,30308.00,11.738,FALSE,Engineering,146907
Female,40831.00,13.04,FALSE,Engineering,43455
,30507.00,1.909,FALSE,Legal,85668
Female,30281.00,17.999,FALSE,Marketing,82871
Female,41981.00,10.331,TRUE,Finance,136709
Female,38265.00,11.209,FALSE,Human Resources,47638
,33279.00,3.794,FALSE,Legal,38344
Female,31982.00,10.982,TRUE,Client Services,100765
Female,37493.00,11.051,TRUE,Marketing,134505
Male,40832.00,11.625,TRUE,Finance,112769
Female,35565.00,19.04,TRUE,Engineering,56450
Male,41446.00,4.479,TRUE,Marketing,98874
,41966.00,16.655,FALSE,Distribution,132483
Male,30712.00,19.675,FALSE,Finance,42392
Male,41414.00,1.421,FALSE,Product,96914
Male,41384.00,11.985,FALSE,Business Development,60500
Male,41044.00,10.169,TRUE,Sales,129949
